{
  "name": "inventory-limiter",
  "title": "TPoaJ - Inventory Limiter",
  "description": "Limit size of inventory based on character stats.",
  "author": "Mattia Denti",
  "version": "3.1.1",
  "minimumCoreVersion": "0.8.6",
  "compatibleCoreVersion": "0.8.6",
  "system": "dnd5e",
  "url": "https://github.com/mdenti/inventory-limiter",
  "manifest": "https://raw.githubusercontent.com/mdenti/inventory-limiter/master/module.json",
  "download": "https://raw.githubusercontent.com/mdenti/inventory-limiter/master/inventory-limiter.zip",
  "esmodules": [
    "scripts/module.js"
  ],
  "styles": [
    "styles/styles.css"
  ],
  "dependencies": [{
    "name": "lib-wrapper"
  }]
}